,0,1,accuracy,macro avg,weighted avg
precision,0.8752470898308807,0.3688496776382762,0.6762666666666667,0.6220483837345785,0.7635020608737126
recall,0.6817792985457656,0.656797583081571,0.6762666666666667,0.6692884408136683,0.6762666666666667
f1-score,0.766493556453164,0.47240330291177746,0.6762666666666667,0.6194484296824707,0.7015976405050314
support,5845.0,1655.0,0.6762666666666667,7500.0,7500.0
