,0,1,accuracy,macro avg,weighted avg
precision,0.8657667791526059,0.43351800554016623,0.7409333333333333,0.6496423923463861,0.7703838831087941
recall,0.790076988879384,0.5673716012084592,0.7409333333333333,0.6787242950439216,0.7409333333333333
f1-score,0.8261919670811342,0.4914943732007328,0.7409333333333333,0.6588431701409335,0.7523353646981923
support,5845.0,1655.0,0.7409333333333333,7500.0,7500.0
