,LIMIT_BAL,AGE,BILL_AMT1,BILL_AMT2,BILL_AMT3,BILL_AMT4,BILL_AMT5,BILL_AMT6,PAY_AMT1,PAY_AMT2,PAY_AMT3,PAY_AMT4,PAY_AMT5,PAY_AMT6
count,22500.0,22500.0,22500.0,22500.0,22500.0,22500.0,22500.0,22500.0,22500.0,22500.0,22500.0,22500.0,22500.0,22500.0
mean,167229.76355555555,35.48702222222222,50992.898,48905.718977777775,46629.68564444444,42932.418844444444,39905.28244444444,38385.68822222222,5714.377733333334,5848.259777777777,5132.902666666667,4728.448311111111,4725.760977777778,5282.126533333333
std,129384.48569257745,9.18222322077265,73064.68631980965,70748.06629437572,68376.98530715855,63802.95098679249,60135.8530815566,58733.428101737874,17078.235837886958,21916.900888848013,16892.473653049266,15430.720627690918,15138.455175305906,18506.384982469153
min,10000.0,21.0,-165580.0,-69777.0,-157264.0,-170000.0,-81334.0,-339603.0,0.0,0.0,0.0,0.0,0.0,0.0
25%,50000.0,28.0,3565.75,2928.0,2577.0,2313.0,1711.75,1190.0,990.0,800.0,390.0,285.75,238.0,119.75
50%,140000.0,34.0,22169.0,20859.0,19889.0,18855.5,17875.0,16715.0,2100.0,2001.0,1800.0,1500.0,1500.0,1500.0
75%,240000.0,41.0,66732.75,63104.25,59532.5,53339.5,49743.0,48863.5,5006.0,5000.0,4512.0,4000.0,4000.0,4000.0
max,800000.0,75.0,746814.0,743970.0,855086.0,616836.0,587067.0,568638.0,873552.0,1227082.0,889043.0,621000.0,426529.0,528666.0
